"id","parcelid","logerror","transactiondate"
0,14297519,0.025594901758400002,"2017-01-01"
1,17052889,0.0556190874015,"2017-01-01"
2,14186244,0.0053828530468900005,"2017-01-01"
3,12177905,-0.103409666332,"2017-01-01"
4,10887214,0.00694035920822,"2017-01-01"
5,17143294,-0.020526269034,"2017-01-01"
6,12095076,-0.00101096186046,"2017-01-01"
7,12069064,0.101723348346,"2017-01-01"
8,12790562,-0.0409656360713,"2017-01-02"
9,11542646,-0.0367633409839,"2017-01-02"
10,11104527,0.00596316874192,"2017-01-02"
11,13984101,-0.147996748656,"2017-01-02"
12,14705431,-0.028835166317199998,"2017-01-02"
13,13944538,0.045601700297999995,"2017-01-02"
14,14731691,-0.00893477698563,"2017-01-02"
15,17110996,0.00866889626652,"2017-01-02"
16,14375300,-0.0218960155345,"2017-01-02"
17,12045625,-0.0171668373659,"2017-01-02"
18,11830315,-0.035084593696800004,"2017-01-02"
19,14730402,-0.0120406644114,"2017-01-02"
20,12325145,0.042462897150800004,"2017-01-02"
21,14387959,-0.00665330931151,"2017-01-02"
22,14349322,0.0443090295663,"2017-01-02"
23,11706737,-0.12097587209899999,"2017-01-02"
24,11671335,-0.0005456719973619999,"2017-01-02"
25,12531488,0.0420412615287,"2017-01-02"
26,14314879,-0.00147568894052,"2017-01-02"
27,11130689,0.0201101819685,"2017-01-02"
28,12036177,0.206469869883,"2017-01-02"
29,14333888,-0.0253921179041,"2017-01-02"
30,12713253,0.0218525064866,"2017-01-02"
31,14338242,-0.0195456000157,"2017-01-02"
32,11680471,0.00432834072817,"2017-01-02"
33,12155445,-0.0408065604865,"2017-01-02"
34,14736723,-0.0188619524279,"2017-01-02"
35,10891778,-0.00252049264204,"2017-01-02"
36,14344863,-0.004855161383060001,"2017-01-02"
37,11682477,0.0262082185921,"2017-01-02"
38,10852826,-0.024339265224799997,"2017-01-02"
39,14703637,-0.023185408442,"2017-01-02"
40,13891704,0.00480989557126,"2017-01-02"
41,10871883,0.05055591857419999,"2017-01-02"
42,10900115,0.0109018162244,"2017-01-02"
43,11737342,-0.134761561915,"2017-01-02"
44,12106936,0.0751562163772,"2017-01-02"
45,12105191,0.0827335176415,"2017-01-02"
46,11740609,0.0542028204623,"2017-01-02"
47,11405344,-0.014280009593499999,"2017-01-02"
48,13043344,-0.259447659215,"2017-01-02"
49,11036179,0.0197007464577,"2017-01-02"
50,14455676,0.0423363980588,"2017-01-02"
51,13038483,0.040177312179300005,"2017-01-02"
52,14463877,0.0457177680939,"2017-01-02"
53,10828742,-0.0695836678049,"2017-01-02"
54,13022358,0.10296784624199999,"2017-01-02"
55,17153340,-0.0953402135651,"2017-01-02"
56,11751866,-0.079803466793,"2017-01-02"
57,13007403,-0.028718694597,"2017-01-02"
58,14452416,0.019302092251299998,"2017-01-02"
59,14728092,-0.04608357412690001,"2017-01-02"
60,14448439,0.0149837438442,"2017-01-02"
61,12464464,-0.0497521134516,"2017-01-02"
62,12691507,0.06985778842160001,"2017-01-02"
63,12840475,0.0554212418459,"2017-01-02"
64,14607408,0.0154839229065,"2017-01-02"
65,13091973,-0.00565679225523,"2017-01-02"
66,14432426,-0.026064671666700002,"2017-01-02"
67,11016518,-0.060469752739300005,"2017-01-02"
68,14434171,0.0639567544082,"2017-01-02"
69,11782783,0.0290645492171,"2017-01-02"
70,11018202,0.0212624578466,"2017-01-02"
71,10808296,0.00847498627382,"2017-01-02"
72,11023776,0.0931341082746,"2017-01-02"
73,12871444,0.0362627822093,"2017-01-02"
74,14602058,0.017524101644099996,"2017-01-02"
75,12879860,0.000160684436432,"2017-01-02"
76,13069118,-0.006370461410459999,"2017-01-02"
77,13055657,0.0551647918998,"2017-01-02"
78,12481281,-0.0334037111741,"2017-01-02"
79,11693504,-0.0720684556722,"2017-01-02"
80,17153706,0.0278174736298,"2017-01-02"
81,10736968,0.116060642444,"2017-01-02"
82,11154042,-0.060144422425300006,"2017-01-02"
83,14191835,0.0152813419695,"2017-01-02"
84,10935174,0.00863816729043,"2017-01-02"
85,14284348,0.009611161706,"2017-01-02"
86,12579560,-0.025720842333400003,"2017-01-02"
87,14201161,-0.0189989252718,"2017-01-02"
88,11941294,0.08725021572899999,"2017-01-02"
89,17229300,-0.0176838582483,"2017-01-02"
90,10925280,-0.00462065825639,"2017-01-02"
91,12218511,0.0373331739861,"2017-01-02"
92,14121694,-0.033016706088,"2017-01-02"
93,11637056,0.0333680574116,"2017-01-02"
94,14748072,0.058199840989199995,"2017-01-02"
95,12227278,-0.14759163590500002,"2017-01-02"
96,14265422,0.313403365883,"2017-01-02"
97,14249444,0.0209499859327,"2017-01-02"
98,12556624,0.031372755183,"2017-01-02"
99,11652563,0.0332333803996,"2017-01-02"
100,14751820,0.0173799981041,"2017-01-02"
101,10871205,-0.0637646391899,"2017-01-02"
102,14210616,0.0060173716178,"2017-01-02"
103,14296692,-0.201120955145,"2017-01-02"
104,11342570,-0.061171322410000006,"2017-01-03"
105,10901522,0.0388427864509,"2017-01-03"
106,13075618,-0.0164570148497,"2017-01-03"
107,14434754,-0.0253431230533,"2017-01-03"
108,12113444,0.0123936680136,"2017-01-03"
109,11879622,-0.0187876249681,"2017-01-03"
110,14724525,0.042412058340300006,"2017-01-03"
111,14179809,-0.0009080770833400001,"2017-01-03"
112,12188496,-0.316483726873,"2017-01-03"
113,11878863,-0.110951778061,"2017-01-03"
114,14176622,0.0239893009353,"2017-01-03"
115,14260184,0.116255595746,"2017-01-03"
116,11393337,0.015171699499,"2017-01-03"
117,11393337,0.086136766624,"2017-06-08"
118,10726564,0.009214938124899999,"2017-01-03"
119,12346913,0.000584065664667,"2017-01-03"
120,13880979,0.0141647756675,"2017-01-03"
121,11309647,0.021121653335599996,"2017-01-03"
122,12350928,0.11842095998600001,"2017-01-03"
123,13872686,0.412426592707,"2017-01-03"
124,14170679,0.00709074406359,"2017-01-03"
125,14172985,0.00749089884281,"2017-01-03"
126,11087356,0.034444453228899996,"2017-01-03"
127,13854120,0.618888991673,"2017-01-03"
128,13850030,-0.0571619426403,"2017-01-03"
129,11177755,0.014424414541200001,"2017-01-03"
130,17134185,0.057690403792399994,"2017-01-03"
131,13840290,0.147590995638,"2017-01-03"
132,13101300,0.0885492953086,"2017-01-03"
133,11784552,0.0776842251459,"2017-01-03"
134,17292247,-0.421907946901,"2017-01-03"
135,14748419,-0.00802934452334,"2017-01-03"
136,12377345,-0.064654486939,"2017-01-03"
137,12111654,0.00440769964816,"2017-01-03"
138,17141654,-0.0218980320707,"2017-01-03"
139,14254328,0.0304191121055,"2017-01-03"
140,12405119,-0.0524424516105,"2017-01-03"
141,14460270,0.0670604567595,"2017-01-03"
142,10869404,-0.0130620352168,"2017-01-03"
143,11760637,-0.000495093056224,"2017-01-03"
144,11417036,0.16470719673599998,"2017-01-03"
145,14753715,-0.0112832123327,"2017-01-03"
146,11061029,0.416246859511,"2017-01-03"
147,13038537,0.15043592080999998,"2017-01-03"
148,12412669,0.02253478994,"2017-01-03"
149,17148798,-0.0460172887268,"2017-01-03"
150,11165223,0.0206643619053,"2017-01-03"
151,10722904,-0.0219651125943,"2017-01-03"
152,17152676,-0.0336455919754,"2017-01-03"
153,12095717,0.198384038627,"2017-01-03"
154,10722606,0.0071427026019399995,"2017-01-03"
155,17153382,0.0102833119239,"2017-01-03"
156,14472932,0.0561978280898,"2017-01-03"
157,10829251,0.00814623243541,"2017-01-03"
158,10867021,-0.219380292629,"2017-01-03"
159,17145540,0.00147148285659,"2017-01-03"
160,11888077,0.05281891421419999,"2017-01-03"
161,13069501,-0.020169432998400003,"2017-01-03"
162,14439114,-0.18683668997400002,"2017-01-03"
163,11953203,0.00740741369863,"2017-01-03"
164,11151200,0.0810215515858,"2017-01-03"
165,13061656,-0.0178358955692,"2017-01-03"
166,14404711,0.0331618997722,"2017-01-03"
167,14444388,-0.0177904249303,"2017-01-03"
168,14723623,0.0405955423745,"2017-01-03"
169,11394750,-0.04578390568369999,"2017-01-03"
170,11396736,-0.153955730816,"2017-01-03"
171,14183249,0.052040888138899996,"2017-01-03"
172,13054430,0.044496947937699996,"2017-01-03"
173,14449536,0.21418846428899999,"2017-01-03"
174,11885059,0.0353832505388,"2017-01-03"
175,12397668,0.021210412413,"2017-01-03"
176,14190895,-0.00129626651591,"2017-01-03"
177,12397984,0.111401370189,"2017-01-03"
178,14195758,0.24934637532499998,"2017-01-03"
179,13890111,0.04862996466990001,"2017-01-03"
180,14079743,-0.0530919531556,"2017-01-03"
181,13891916,0.0592426175763,"2017-01-03"
182,14289197,0.015442826736899999,"2017-01-03"
183,11203489,0.0761049571579,"2017-01-03"
184,11120717,0.007392082965899999,"2017-01-03"
185,14015449,0.021416703757000003,"2017-01-03"
186,10854107,0.156920803316,"2017-01-03"
187,14010220,0.0116535170782,"2017-01-03"
188,11201077,0.039105086668099996,"2017-01-03"
189,14123287,0.0306574721023,"2017-01-03"
190,10883322,-0.022623831459999997,"2017-01-03"
191,13997525,-0.0582289716471,"2017-01-03"
192,14347482,-0.0011720680939,"2017-01-03"
193,14348290,-0.010768435160399999,"2017-01-03"
194,14284235,0.0220509924047,"2017-01-03"
195,13995177,0.06583876280640001,"2017-01-03"
196,12284880,-0.0305192001193,"2017-01-03"
197,14128971,0.019994237917099998,"2017-01-03"
198,14350624,-0.022684794336599996,"2017-01-03"
199,11116323,0.07293748133010002,"2017-01-03"
200,12367476,0.428066171795,"2017-01-03"
201,14019678,-0.0312582200901,"2017-01-03"
202,14019702,-0.00331549536578,"2017-01-03"
203,11138947,-0.0217228082099,"2017-01-03"
204,17079456,0.017823254125700003,"2017-01-03"
205,12184760,0.0318935667587,"2017-01-03"
206,14081891,0.0119134777344,"2017-01-03"
207,12168927,-0.00522217872364,"2017-01-03"
208,11913978,0.014874659066,"2017-01-03"
209,14074323,0.46339757761699996,"2017-01-03"
210,11211588,0.0410495642379,"2017-01-03"
211,14066320,0.045148848456499996,"2017-01-03"
212,10859051,0.026735340595299997,"2017-01-03"
213,14066147,0.004322147985939999,"2017-01-03"
214,14743763,-0.054035984826499996,"2017-01-03"
215,12159798,0.193978247353,"2017-01-03"
216,12164455,-0.0005837221972389999,"2017-01-03"
217,14739780,-0.017448651933799998,"2017-01-03"
218,11228058,1.0782751029200002,"2017-01-03"
219,12273277,-0.0316138965428,"2017-01-03"
220,14739142,-0.0445739815194,"2017-01-03"
221,11236808,-0.023915592708799997,"2017-01-03"
222,14029565,0.0139305547267,"2017-01-03"
223,17091159,0.0200875396348,"2017-01-03"
224,14294111,-0.04286765998980001,"2017-01-03"
225,12266095,-0.0616091086585,"2017-01-03"
226,14158746,0.030950614821299998,"2017-01-03"
227,14129888,0.0242400591402,"2017-01-03"
228,14130805,0.0654185316261,"2017-01-03"
229,14730849,0.0111779722513,"2017-01-03"
230,17114377,0.0322761255989,"2017-01-03"
231,14394667,0.0197293072146,"2017-01-03"
232,13922088,0.0862067050358,"2017-01-03"
233,12137023,0.0195059478172,"2017-01-03"
234,11100766,-0.0173784448432,"2017-01-03"
235,17117963,0.021672065038900002,"2017-01-03"
236,10846092,0.166954955716,"2017-01-03"
237,13908305,-0.131046739242,"2017-01-03"
238,10845467,0.08219553600730001,"2017-01-03"
239,11938798,-0.0732729206646,"2017-01-03"
240,14401855,0.0132698376401,"2017-01-03"
241,12134073,0.0397386086076,"2017-01-03"
242,12133644,1.2792037003299999,"2017-01-03"
243,11186142,0.023072576024,"2017-01-03"
244,11804310,0.344150805448,"2017-01-03"
245,17121771,-0.133486398445,"2017-01-03"
246,17080722,-0.0121172648151,"2017-01-03"
247,11301683,0.00629850319679,"2017-01-03"
248,12327807,-0.0525704077011,"2017-01-03"
249,14391477,0.00892408792112,"2017-01-03"
250,11189918,0.157940478138,"2017-01-03"
251,10739358,0.09797654004419999,"2017-01-03"
252,13970493,0.170524409493,"2017-01-03"
253,12147298,-0.050925558012899996,"2017-01-03"
254,13964073,-0.205076462134,"2017-01-03"
255,10849538,0.0318563059057,"2017-01-03"
256,17284274,0.048388730154400005,"2017-01-03"
257,14132029,0.037149519175699995,"2017-01-03"
258,14133173,0.015088331521799999,"2017-01-03"
259,12317762,-0.034903503334199996,"2017-01-03"
260,12144809,-0.173803496052,"2017-01-03"
261,11826708,0.0279699776347,"2017-01-03"
262,11285201,0.0562510833802,"2017-01-03"
263,11144627,-0.0300906481043,"2017-01-03"
264,13937866,0.0204237198288,"2017-01-03"
265,11107856,0.006558900913,"2017-01-03"
266,11816446,0.0133298342331,"2017-01-03"
267,14378255,-0.0061915921615,"2017-01-03"
268,14379393,-0.0204037723132,"2017-01-03"
269,11871082,0.0110075775244,"2017-01-03"
270,14135206,0.043375277640199994,"2017-01-03"
271,17069263,0.12164015322699999,"2017-01-03"
272,13943078,0.008373731926779999,"2017-01-03"
273,13899936,-0.306722100923,"2017-01-03"
274,11760895,-0.0570211122157,"2017-01-03"
275,12994393,0.069904380099,"2017-01-03"
276,12510624,-0.010945865911999999,"2017-01-03"
277,12761067,0.0365283286073,"2017-01-03"
278,17208694,-0.0161744437797,"2017-01-03"
279,11687008,0.0705349833419,"2017-01-03"
280,17210760,0.042956208898300006,"2017-01-03"
281,10982900,-0.040872968975,"2017-01-03"
282,11569220,0.0560477752716,"2017-01-03"
283,11570788,-0.254507013947,"2017-01-03"
284,11571121,-0.0889413734572,"2017-01-03"
285,17214955,-0.200692472244,"2017-01-03"
286,14642812,-0.0120503461197,"2017-01-03"
287,12041558,0.0887099596599,"2017-01-03"
288,12715651,-0.0405100368114,"2017-01-03"
289,14701451,0.014338298897599999,"2017-01-03"
290,12036995,-0.0117203181474,"2017-01-03"
291,14646598,0.0630341416773,"2017-01-03"
292,14701199,-0.021777364372400004,"2017-01-03"
293,11580688,-0.206738397867,"2017-01-03"
294,14647889,-0.0031488619748000005,"2017-01-03"
295,14704794,0.011433919447899999,"2017-01-03"
296,14699885,0.032817490752,"2017-01-03"
297,12047834,-0.0218922740693,"2017-01-03"
298,12781170,0.0216272098237,"2017-01-03"
299,11009153,-0.0398733016997,"2017-01-03"
300,12835029,0.010878725323700001,"2017-01-03"
301,11519825,0.028407571909,"2017-01-03"
302,12485409,0.0451179744547,"2017-01-03"
303,12485523,0.0017586678385799997,"2017-01-03"
304,11983501,-0.104306195561,"2017-01-03"
305,12489459,-0.0144814112766,"2017-01-03"
306,11003157,0.00034412131383399993,"2017-01-03"
307,11531810,0.509340450069,"2017-01-03"
308,14707204,0.019011695548599997,"2017-01-03"
309,11704265,-0.22081106235300002,"2017-01-03"
310,12492563,0.0295764146557,"2017-01-03"
311,12805800,-0.017066316273600002,"2017-01-03"
312,12496886,0.0129471054596,"2017-01-03"
313,14626159,0.0163551605919,"2017-01-03"
314,11699600,-0.0102045546578,"2017-01-03"
315,17203514,-0.00783323634954,"2017-01-03"
316,12500533,0.00376102024294,"2017-01-03"
317,14627537,0.022103810956700002,"2017-01-03"
318,12504140,-0.014876273968,"2017-01-03"
319,12067215,0.130337950011,"2017-01-03"
320,10772322,0.110227090241,"2017-01-03"
321,12033338,0.0781060873189,"2017-01-03"
322,17236698,0.0997544734935,"2017-01-03"
323,12554465,0.00778172260813,"2017-01-03"
324,10783039,0.0909206254915,"2017-01-03"
325,14675782,0.00989793375476,"2017-01-03"
326,11637690,-0.0136293453902,"2017-01-03"
327,14676663,0.164522406935,"2017-01-03"
328,10927057,0.0091039057964,"2017-01-03"
329,10936058,0.031017405968900003,"2017-01-03"
330,12590336,-0.0613925711422,"2017-01-03"
331,14681256,0.0046997033371800005,"2017-01-03"
332,17247490,0.0182701852066,"2017-01-03"
333,10777579,-0.00394167962223,"2017-01-03"
334,12558252,0.13020342711400001,"2017-01-03"
335,11644564,0.0697801075022,"2017-01-03"
336,14688268,-0.027234939062200002,"2017-01-03"
337,14688177,0.00678262911712,"2017-01-03"
338,10930942,0.0543864254748,"2017-01-03"
339,17246711,0.0110605836581,"2017-01-03"
340,12559816,0.0619769312914,"2017-01-03"
341,14673239,0.010088517140000001,"2017-01-03"
342,10793001,0.0395306237982,"2017-01-03"
343,14673222,-0.029134638666300002,"2017-01-03"
344,17250533,0.0579675031009,"2017-01-03"
345,11595966,0.10284850659099999,"2017-01-03"
346,10919972,-0.0932735813181,"2017-01-03"
347,10773281,-0.0691355868168,"2017-01-03"
348,14656496,0.008633021983899999,"2017-01-03"
349,10920449,0.096223704343,"2017-01-03"
350,12539852,0.005302883191569999,"2017-01-03"
351,14661134,0.0816224665664,"2017-01-03"
352,14720769,0.07312849361910001,"2017-01-03"
353,12659436,0.09392258955499999,"2017-01-03"
354,12027922,-0.0378294773745,"2017-01-03"
355,12543783,0.0778252230847,"2017-01-03"
356,12026694,-0.024351181511200002,"2017-01-03"
357,12634734,0.193294521641,"2017-01-03"
358,14668235,-0.00119743827125,"2017-01-03"
359,12634340,0.0249812958539,"2017-01-03"
360,12548405,0.032277800534,"2017-01-03"
361,12627654,0.222849969705,"2017-01-03"
362,14670219,-0.010887490294399999,"2017-01-03"
363,14692358,0.00624089135443,"2017-01-03"
364,17234117,-0.281680060416,"2017-01-03"
365,17191059,0.033016455495099996,"2017-01-03"
366,12773717,0.0525576528107,"2017-01-03"
367,12440851,0.0179429960463,"2017-01-03"
368,14717419,0.043447786810499996,"2017-01-03"
369,12859120,-0.0171844569982,"2017-01-03"
370,12473575,0.22986758293,"2017-01-03"
371,14492000,0.0249730853938,"2017-01-03"
372,12439387,-0.0243557541631,"2017-01-03"
373,11744823,0.0832795805606,"2017-01-03"
374,14604765,0.0042683559614,"2017-01-03"
375,11503429,0.0474095658991,"2017-01-03"
376,14497772,0.00227375574401,"2017-01-03"
377,11722723,-0.19490356920200003,"2017-01-03"
378,11742093,-0.052056199331199995,"2017-01-03"
379,12934631,0.034863376038,"2017-01-03"
380,12445788,0.0190134352256,"2017-01-03"
381,12929647,0.0413548258401,"2017-01-03"
382,17278765,0.0411440144014,"2017-01-03"
383,11027029,-0.026980177350300002,"2017-01-03"
384,12883831,-0.14902546362299998,"2017-01-03"
385,13930564,0.23756743569299998,"2017-01-03"
386,12886314,-0.06497803080709999,"2017-01-03"
387,14599291,0.0497695977324,"2017-01-03"
388,10813418,-0.008083407704120001,"2017-01-03"
389,17173851,0.08846863964,"2017-01-03"
390,10813882,0.044149596288,"2017-01-03"
391,17171355,-0.155534465204,"2017-01-03"
392,11478860,0.08746922826610001,"2017-01-03"
393,11505868,0.0245912943033,"2017-01-03"
394,11507371,-0.0570144445464,"2017-01-03"
395,17172144,-0.0012313948166300002,"2017-01-03"
396,17190183,0.00228472417394,"2017-01-03"
397,12970622,0.08789873446879999,"2017-01-03"
398,14608726,0.0563031927769,"2017-01-03"
399,11508798,-0.168169806147,"2017-01-03"
400,11052658,-0.00565823871529,"2017-01-03"
401,10819810,0.122752607015,"2017-01-03"
402,10821119,0.0256290800732,"2017-01-03"
403,12479011,-0.0759682113202,"2017-01-03"
404,14484783,-0.009241434018780002,"2017-01-03"
405,12684194,-0.0063122452026899995,"2017-01-04"
406,17256977,-0.009818825666280001,"2017-01-04"
407,14083909,0.0454911302513,"2017-01-04"
408,12681016,0.040821456090699995,"2017-01-04"
409,10757091,-0.029513648174400005,"2017-01-04"
410,11755380,0.027617634753799997,"2017-01-04"
411,11399657,0.0545371188296,"2017-01-04"
412,10777361,0.01438986878,"2017-01-04"
413,11472124,0.0939632798827,"2017-01-04"
414,11861128,0.00609425451556,"2017-01-04"
415,10777592,0.862510998084,"2017-01-04"
416,12673588,0.11974406015999998,"2017-01-04"
417,12668915,-0.134120802338,"2017-01-04"
418,14111204,0.0192532354954,"2017-01-04"
419,17226173,0.0147788840649,"2017-01-04"
420,12422047,0.294752840324,"2017-01-04"
421,12924870,0.04539183241880001,"2017-01-04"
422,14081668,-0.005655341561560001,"2017-01-04"
423,10779754,-0.22941364783799997,"2017-01-04"
424,12245998,-0.007933213876810001,"2017-01-04"
425,12528642,-0.003974781566579999,"2017-01-04"
426,10793680,0.0323504269828,"2017-01-04"
427,10772315,0.07706290646639999,"2017-01-04"
428,12427592,0.184310744374,"2017-01-04"
429,12394797,-0.020801061787799998,"2017-01-04"
430,11854946,-0.024844115724599998,"2017-01-04"
431,11218560,0.144440720895,"2017-01-04"
432,12992244,-0.0273201689667,"2017-01-04"
433,12697883,0.670007797056,"2017-01-04"
434,12697311,0.0174297878978,"2017-01-04"
435,11649080,-0.623489993947,"2017-01-04"
436,14068958,0.0116745772186,"2017-01-04"
437,14069841,0.13652270431900002,"2017-01-04"
438,12695063,-0.0424114520799,"2017-01-04"
439,12694843,0.019825898523799998,"2017-01-04"
440,11166068,0.055384762450299996,"2017-01-04"
441,14076487,0.00834582831403,"2017-01-04"
442,11858588,-0.0115608943666,"2017-01-04"
443,12691117,0.0322805482686,"2017-01-04"
444,11399335,0.0717177810508,"2017-01-04"
445,17167141,-0.112390532188,"2017-01-04"
446,12660703,0.024107113478900002,"2017-01-04"
447,12663883,-0.0157851593977,"2017-01-04"
448,11433218,0.013223187704,"2017-01-04"
449,11464584,0.18511666839699997,"2017-01-04"
450,14166843,-0.0516593568618,"2017-01-04"
451,12950296,0.0675466404313,"2017-01-04"
452,11657419,-0.049910924250999994,"2017-01-04"
453,12621013,0.0109802187067,"2017-01-04"
454,12620668,0.06232753791069999,"2017-01-04"
455,17235293,0.00899143500655,"2017-01-04"
456,11632614,0.0838033527973,"2017-01-04"
457,14185399,-0.014499426070100001,"2017-01-04"
458,13032717,-0.141795925396,"2017-01-04"
459,11420407,-0.0660753361398,"2017-01-04"
460,11420675,0.031252865969599995,"2017-01-04"
461,12954133,0.037578343175,"2017-01-04"
462,12600401,-0.197574402447,"2017-01-04"
463,11748161,-0.554941164992,"2017-01-04"
464,12435065,0.00824639673603,"2017-01-04"
465,12215942,0.0225359805957,"2017-01-04"
466,13016839,0.101703098613,"2017-01-04"
467,10775404,-0.014144240899,"2017-01-04"
468,12666933,0.0023403351102500003,"2017-01-04"
469,11188562,0.19649343329100002,"2017-01-04"
470,11744538,0.135895308094,"2017-01-04"
471,11637788,-0.050330420568399994,"2017-01-04"
472,10789168,-0.0359152672766,"2017-01-04"
473,13040781,0.011176217489700001,"2017-01-04"
474,11614513,-0.0018401200295599998,"2017-01-04"
475,12653123,0.00268985574583,"2017-01-04"
476,12643436,-0.0165012229188,"2017-01-04"
477,12641284,-0.018151883653,"2017-01-04"
478,14133390,0.012239142590100002,"2017-01-04"
479,12937320,0.0211740937239,"2017-01-04"
480,17165185,-0.13898207691,"2017-01-04"
481,10868058,0.0455984426999,"2017-01-04"
482,11850664,0.0587320505139,"2017-01-04"
483,12235088,-0.09348670160460001,"2017-01-04"
484,11744240,0.157674252932,"2017-01-04"
485,14139421,0.00614701904193,"2017-01-04"
486,12586633,0.110030329735,"2017-01-04"
487,10777481,-0.045694394011699994,"2017-01-04"
488,12631325,0.206255817997,"2017-01-04"
489,14144889,0.052823458463399996,"2017-01-04"
490,11893072,-0.102362671816,"2017-01-04"
491,12847539,0.0185666967897,"2017-01-04"
492,10794082,-0.00364003049802,"2017-01-04"
493,14043495,0.033187850928,"2017-01-04"
494,12811946,0.08211056139999999,"2017-01-04"
495,17198383,0.035161406413300005,"2017-01-04"
496,11296299,-0.144523870749,"2017-01-04"
497,12857084,0.006009573926220001,"2017-01-04"
498,12806043,0.00228604510716,"2017-01-04"
499,12494954,-0.0458246501148,"2017-01-04"
500,11701552,-0.0816946146968,"2017-01-04"
501,17298153,0.0178129732921,"2017-01-04"
502,17201260,-0.053675060248099996,"2017-01-04"
503,12378328,-0.00511776585187,"2017-01-04"
504,11343349,-0.00450964912404,"2017-01-04"
505,11812437,0.027721011005199997,"2017-01-04"
506,17113104,-0.015427122306600002,"2017-01-04"
507,11699164,-0.056457431285499994,"2017-01-04"
508,13932227,-0.007463594260239999,"2017-01-04"
509,12794536,-0.273978895571,"2017-01-04"
510,17202331,0.035652581622300006,"2017-01-04"
511,12381818,0.0412364613406,"2017-01-04"
512,13934699,-0.0190581799773,"2017-01-04"
513,10747253,-0.041848768043300004,"2017-01-04"
514,12783912,0.03907434575219999,"2017-01-04"
515,10767861,-0.016665220988799998,"2017-01-04"
516,12859526,-0.0273807506502,"2017-01-04"
517,12855549,0.0489672205817,"2017-01-04"
518,11550029,-0.08184300313310001,"2017-01-04"
519,11297800,0.047397271001500006,"2017-01-04"
520,12853550,0.00312377847763,"2017-01-04"
521,13855414,0.0397040427905,"2017-01-04"
522,17133826,0.027053557915699997,"2017-01-04"
523,17292974,-0.047402341462500004,"2017-01-04"
524,17292980,-0.39221826232699997,"2017-01-04"
525,13867959,0.108336608419,"2017-01-04"
526,12837439,-0.0925115428707,"2017-01-04"
527,12478477,-0.040891263461099996,"2017-01-04"
528,10752191,-0.0318568699514,"2017-01-04"
529,12830013,0.038136847512,"2017-01-04"
530,17126978,0.05000600531859999,"2017-01-04"
531,12828324,0.0664107650897,"2017-01-04"
532,11305770,-0.0393149925157,"2017-01-04"
533,12827852,-0.012813697631899998,"2017-01-04"
534,13100833,0.0764817844408,"2017-01-04"
535,12485767,0.323810717055,"2017-01-04"
536,12338129,-0.046827609674500004,"2017-01-04"
537,10804212,-0.0601642653197,"2017-01-04"
538,13893213,-0.47735041251599997,"2017-01-04"
539,10803963,0.015307494538200002,"2017-01-04"
540,17271030,-0.027032334889000004,"2017-01-04"
541,13093146,0.010982905610200001,"2017-01-04"
542,13903353,0.043365968072899996,"2017-01-04"
543,12818847,-0.0182259060577,"2017-01-04"
544,11705017,-0.0108625960522,"2017-01-04"
545,12320421,-0.0627739564404,"2017-01-04"
546,11550326,-0.051896564863599996,"2017-01-04"
547,17266352,0.054339183535900004,"2017-01-04"
548,12886129,-0.0143139181956,"2017-01-04"
549,11772463,-0.059485991584199996,"2017-01-04"
550,12282002,0.054680784057400005,"2017-01-04"
551,10852965,0.032320005601,"2017-01-04"
552,11571042,-0.017447335141599997,"2017-01-04"
553,12727098,-0.016904082625,"2017-01-04"
554,12726396,0.0193422165697,"2017-01-04"
555,11772349,0.00598184466031,"2017-01-04"
556,17215043,0.0159635244393,"2017-01-04"
557,12898608,-0.0226254699004,"2017-01-04"
558,13059995,0.019187159280099998,"2017-01-04"
559,11574519,-0.08534746735469999,"2017-01-04"
560,14015701,0.112195769666,"2017-01-04"
561,12715418,0.011289464558700002,"2017-01-04"
562,13058129,0.0325741987899,"2017-01-04"
563,11846106,-0.08882182249819999,"2017-01-04"
564,17133527,-0.120564339345,"2017-01-04"
565,14036132,-0.006776991453,"2017-01-04"
566,11847191,0.0435345587151,"2017-01-04"
567,12711834,-0.0051799731069799996,"2017-01-04"
568,14043220,0.026912068536,"2017-01-04"
569,11768969,-0.020532136683700002,"2017-01-04"
570,12271944,0.094099399934,"2017-01-04"
571,12741348,-0.00839842684248,"2017-01-04"
572,11683780,0.0474049308754,"2017-01-04"
573,12287923,0.26636770778499996,"2017-01-04"
574,12522499,-0.034339083909400006,"2017-01-04"
575,12472855,0.022878107884400003,"2017-01-04"
576,13947382,0.0255058415961,"2017-01-04"
577,13950330,-0.00791334724774,"2017-01-04"
578,12384132,-0.0161421604176,"2017-01-04"
579,12995662,-0.0256939025289,"2017-01-04"
580,11553543,0.010429478919,"2017-01-04"
581,11692679,5.2629986498,"2017-01-04"
582,12766349,-0.0383992847833,"2017-01-04"
583,11557090,0.0203527472216,"2017-01-04"
584,17108044,-0.00434953857208,"2017-01-04"
585,13070751,-0.00894442284269,"2017-01-04"
586,11233714,-0.05910202577430001,"2017-01-04"
587,13971239,0.0504471299763,"2017-01-04"
588,13978161,0.10497990294,"2017-01-04"
589,11500043,0.0750688357697,"2017-01-04"
590,13980139,0.033034455181200004,"2017-01-04"
591,10851456,0.031659931752400006,"2017-01-04"
592,12293484,0.0255909665173,"2017-01-04"
593,12758091,-0.026101906634700002,"2017-01-04"
594,10809581,-0.020544943638900002,"2017-01-04"
595,17276194,0.0492604187323,"2017-01-04"
596,11270466,1.1744712263500001,"2017-01-04"
597,17104278,0.0362078343015,"2017-01-04"
598,13985550,-0.0203025624389,"2017-01-04"
599,13971972,-0.0176622175917,"2017-01-04"
600,12014842,0.08671973784810001,"2017-01-04"
601,14009960,-0.033978506908499996,"2017-01-04"
602,12560652,-0.0194477869519,"2017-01-04"
603,12147224,0.0045207873065699995,"2017-01-04"
604,14632901,-0.00188613810052,"2017-01-04"
605,14369913,0.07716234850880001,"2017-01-04"
606,14744451,-0.0183101550016,"2017-01-04"
607,10905421,-0.0754612333783,"2017-01-04"
608,14276588,0.0819562423293,"2017-01-04"
609,14279374,-0.0500343846334,"2017-01-04"
610,14413717,0.0390754135021,"2017-01-04"
611,11906847,-0.044129551726699995,"2017-01-04"
612,14704212,0.00185722257835,"2017-01-04"
613,14482342,0.0984028306532,"2017-01-04"
614,10913529,-0.0261533033442,"2017-01-04"
615,10996354,0.019259440572299998,"2017-01-04"
616,14626646,-0.0126621542576,"2017-01-04"
617,11989016,0.0227782687794,"2017-01-04"
618,11111820,-0.0113682498486,"2017-01-04"
619,10914250,-0.0660238242029,"2017-01-04"
620,10718613,0.0700365028698,"2017-01-04"
621,14633780,0.0675012250198,"2017-01-04"
622,14271956,0.06199272701690001,"2017-01-04"
623,13029625,0.75774927889,"2017-01-04"
624,14634203,-0.0194911573297,"2017-01-04"
625,14634203,-0.0619728425536,"2017-08-04"
626,14266663,-0.0034168459601999998,"2017-01-04"
627,14267336,0.028061785441700002,"2017-01-04"
628,14467951,-0.0124430546334,"2017-01-04"
629,10974210,-0.023247127688700003,"2017-01-04"
630,14377624,2.3004504523800002,"2017-01-04"
631,14702539,-0.0341309609136,"2017-01-04"
632,12182057,0.07234565943610001,"2017-01-04"
633,11965590,0.0171600820548,"2017-01-04"
634,14732855,0.059212192257900004,"2017-01-04"
635,12096077,-0.0305397228351,"2017-01-04"
636,11968112,-0.029467181134099997,"2017-01-04"
637,12042920,0.0012598209977,"2017-01-04"
638,14271819,0.05661631868150001,"2017-01-04"
639,10717029,0.00334205915721,"2017-01-04"
640,14268464,-0.0604003676341,"2017-01-04"
641,14367871,0.0541149910531,"2017-01-04"
642,12051905,0.059239463458400005,"2017-01-04"
643,12085590,-0.08548439686930001,"2017-01-04"
644,11982117,0.0393904282821,"2017-01-04"
645,12077991,0.138958131056,"2017-01-04"
646,14612985,0.0358789237874,"2017-01-04"
647,11125592,-0.00997356204807,"2017-01-04"
648,11010882,0.00684727433726,"2017-01-04"
649,14345199,-0.0313090162257,"2017-01-04"
650,14326779,0.00441941565346,"2017-01-04"
651,11915981,-0.023541670894900002,"2017-01-04"
652,10910117,0.05501132904069999,"2017-01-04"
653,11981080,0.21002011635899998,"2017-01-04"
654,12071423,-0.0659576779179,"2017-01-04"
655,10909944,0.277790959533,"2017-01-04"
656,14601256,0.0162076272616,"2017-01-04"
657,12077002,0.226173249356,"2017-01-04"
658,14601291,0.0203094608915,"2017-01-04"
659,14332281,0.022919895704,"2017-01-04"
660,14338774,-0.00480367539733,"2017-01-04"
661,12066801,0.017671726977900003,"2017-01-04"
662,14599832,0.061908012972499996,"2017-01-04"
663,12165486,0.07438504502360001,"2017-01-04"
664,11043049,-0.0061657615613,"2017-01-04"
665,12149618,-0.0456880788148,"2017-01-04"
666,14620705,0.00896086428359,"2017-01-04"
667,13881053,0.246278244074,"2017-01-04"
668,11911467,-0.0888471283276,"2017-01-04"
669,11912782,0.19444477960999998,"2017-01-04"
670,11035815,-0.009638548961209999,"2017-01-04"
671,14620188,0.0565441709449,"2017-01-04"
672,14531213,-0.732327668767,"2017-01-04"
673,14531476,0.0160421984894,"2017-01-04"
674,12168225,-0.283885141766,"2017-01-04"
675,11132232,-0.0215276941628,"2017-01-04"
676,11132206,0.078022457482,"2017-01-04"
677,11983413,-0.616507711703,"2017-01-04"
678,12063498,0.007100221566979999,"2017-01-04"
679,11004546,0.0115586517824,"2017-01-04"
680,12080910,0.00467137216524,"2017-01-04"
681,14457485,0.124194311325,"2017-01-04"
682,12103566,-0.0383629972727,"2017-01-04"
683,14638641,-0.023468976235199997,"2017-01-04"
684,14654401,0.0927482354656,"2017-01-04"
685,11149694,-0.0544902198239,"2017-01-04"
686,14689362,-0.014430657900499999,"2017-01-04"
687,17246686,0.32099142661400004,"2017-01-04"
688,11078479,-0.028818947655500003,"2017-01-04"
689,12005169,0.073773780498,"2017-01-04"
690,12114445,-0.00972503103273,"2017-01-04"
691,14247381,0.09881774088850001,"2017-01-04"
692,14395864,0.0024147958204899997,"2017-01-04"
693,12114854,0.17540825914299998,"2017-01-04"
694,11083685,0.013524384959200001,"2017-01-04"
695,12192683,-0.034909889177000004,"2017-01-04"
696,14691895,-0.00364255275271,"2017-01-04"
697,14427342,-0.005463847387260001,"2017-01-04"
698,14674667,0.026495035443599997,"2017-01-04"
699,11939935,-0.0842880848196,"2017-01-04"
700,11155869,-0.0317169418023,"2017-01-04"
701,14238550,0.017242081373599998,"2017-01-04"
702,14726667,-0.050636496332099996,"2017-01-04"
703,10964858,-0.022189967483900005,"2017-01-04"
704,14667517,0.06191329794290001,"2017-01-04"
705,11896683,-0.046983951765999996,"2017-01-04"
706,11155282,-0.0768960532615,"2017-01-04"
707,12003245,-0.18576363371,"2017-01-04"
708,11086823,-0.026668082573,"2017-01-04"
709,14421405,0.244327881193,"2017-01-04"
710,14750413,0.030760355283099998,"2017-01-04"
711,10921574,-0.0444818086436,"2017-01-04"
712,14664022,0.00826713986209,"2017-01-04"
713,11104261,-0.041441394221900005,"2017-01-04"
714,11070030,0.0201945281735,"2017-01-04"
715,12019744,0.0100680694959,"2017-01-04"
716,14389003,-0.11112938525800001,"2017-01-04"
717,14414794,0.09699394921089999,"2017-01-04"
718,11105604,0.0466248755619,"2017-01-04"
719,10933263,0.030918653026099998,"2017-01-04"
720,11092018,-0.00416919695569,"2017-01-04"
721,11900039,0.062297476033300006,"2017-01-04"
722,11075020,0.100126674204,"2017-01-04"
723,14654746,0.00372632169652,"2017-01-04"
724,10902592,0.09400123634160001,"2017-01-04"
725,12934104,0.052781563698500004,"2017-01-05"
726,11740681,-0.013551993580799998,"2017-01-05"
727,13856175,-0.0782291279245,"2017-01-05"
728,12364985,0.0285329922605,"2017-01-05"
729,12128380,0.0281647355467,"2017-01-05"
730,13855328,-0.005604584151699999,"2017-01-05"
731,12889867,0.386383110841,"2017-01-05"
732,12901698,0.017060707791,"2017-01-05"
733,14712236,0.014569306434799999,"2017-01-05"
734,10839502,0.0210411472443,"2017-01-05"
735,11466951,-0.00961301654197,"2017-01-05"
736,13889346,-0.00230963671842,"2017-01-05"
737,14502192,-0.00224825919173,"2017-01-05"
738,11494333,0.0210809032026,"2017-01-05"
739,14601624,0.043256647806000005,"2017-01-05"
740,14498414,0.0447510440754,"2017-01-05"
741,10809910,0.0804962151297,"2017-01-05"
742,14420961,0.0460361271321,"2017-01-05"
743,13889336,-0.045873476973599996,"2017-01-05"
744,14598633,0.012376863045,"2017-01-05"
745,11474422,-0.138015234203,"2017-01-05"
746,11474093,0.124892004672,"2017-01-05"
747,10841179,0.0196888069676,"2017-01-05"
748,17174055,0.015405394472000001,"2017-01-05"
749,11943944,-0.0365389442133,"2017-01-05"
750,13873331,-0.0186048093182,"2017-01-05"
751,11976183,0.04279225132569999,"2017-01-05"
752,17173926,0.041259714303599995,"2017-01-05"
753,12894821,-2.1348788873299998,"2017-01-05"
754,12455538,0.024703952440900002,"2017-01-05"
755,12355837,0.027847931644000002,"2017-01-05"
756,12893892,0.041793441031199995,"2017-01-05"
757,13867679,-0.0134607275851,"2017-01-05"
758,13859904,-0.10957803960200001,"2017-01-05"
759,12364031,0.047916282457600004,"2017-01-05"
760,12920749,0.0178148166694,"2017-01-05"
761,14598926,0.304992730967,"2017-01-05"
762,12893320,0.0493851704531,"2017-01-05"
763,12921430,-0.128165741481,"2017-01-05"
764,10899937,0.0346905140938,"2017-01-05"
765,11308897,-0.064854273662,"2017-01-05"
766,17127460,-0.0724137868757,"2017-01-05"
767,17127256,0.0419270082205,"2017-01-05"
768,11087434,0.041623479083,"2017-01-05"
769,17281750,0.039710358970400005,"2017-01-05"
770,14422482,0.044631281061800004,"2017-01-05"
771,11744680,-0.013999186669999998,"2017-01-05"
772,11954739,0.128461947761,"2017-01-05"
773,11394029,0.005677522574490001,"2017-01-05"
774,11438132,0.0815168533835,"2017-01-05"
775,17182983,0.088846104847,"2017-01-05"
776,11057942,0.020014764187400003,"2017-01-05"
777,13010580,-0.0729353561558,"2017-01-05"
778,11431869,0.0281716313771,"2017-01-05"
779,10827253,0.18564208388099998,"2017-01-05"
780,10902803,-0.021839502573199998,"2017-01-05"
781,13018741,-0.0014812170216,"2017-01-05"
782,13021001,-0.0055152954848400005,"2017-01-05"
783,12098438,0.06009032478569999,"2017-01-05"
784,10902180,-0.0308768318063,"2017-01-05"
785,14452873,0.012764149074299999,"2017-01-05"
786,17144241,0.20910603782499998,"2017-01-05"
787,12411782,-0.020836579660200003,"2017-01-05"
788,10828144,-0.197611820727,"2017-01-05"
789,12099667,0.010552558794200001,"2017-01-05"
790,13033220,0.08869875020700001,"2017-01-05"
791,12104172,-0.0488856378098,"2017-01-05"
792,13033740,0.0771284334882,"2017-01-05"
793,17287646,0.0124812091905,"2017-01-05"
794,13035191,0.072144041329,"2017-01-05"
795,12399677,-0.0443104890501,"2017-01-05"
796,11963138,0.516840673964,"2017-01-05"
797,10903720,0.012175675490299999,"2017-01-05"
798,14453601,0.0188644141299,"2017-01-05"
799,12999807,-0.0191637580182,"2017-01-05"
800,11379435,0.15890907351199998,"2017-01-05"
801,14472838,0.032994850778200004,"2017-01-05"
802,12084832,0.148024730868,"2017-01-05"
803,14496795,0.0361044214955,"2017-01-05"
804,14726496,0.07720288641680001,"2017-01-05"
805,11048364,0.038839811083800004,"2017-01-05"
806,12955722,0.0294895008597,"2017-01-05"
807,13835647,-0.0423540449172,"2017-01-05"
808,17158760,0.0480142498432,"2017-01-05"
809,11455855,0.0221824720461,"2017-01-05"
810,11084642,0.0326225932524,"2017-01-05"
811,14487972,0.0190324751685,"2017-01-05"
812,17157828,0.0512522728237,"2017-01-05"
813,12969979,-0.00965974535172,"2017-01-05"
814,10820247,0.0354151735274,"2017-01-05"
815,17282621,0.025913895730000004,"2017-01-05"
816,12374987,0.479199664705,"2017-01-05"
817,12976088,0.0202106029593,"2017-01-05"
818,12089133,-0.218764478809,"2017-01-05"
819,17154779,-0.00681999275577,"2017-01-05"
820,14718602,-0.0120492804209,"2017-01-05"
821,12742740,0.171315004258,"2017-01-05"
822,11442628,0.058883164068900005,"2017-01-05"
823,10905437,-0.0641366729163,"2017-01-05"
824,11345166,-0.0261086668579,"2017-01-05"
825,13077655,0.21328874687899999,"2017-01-05"
826,10835374,0.056136912187,"2017-01-05"
827,12091547,0.0055931652858500006,"2017-01-05"
828,14474908,0.0224686053925,"2017-01-05"
829,14496852,0.0160908694497,"2017-01-05"
830,12872473,0.0747694278367,"2017-01-05"
831,12828363,0.0288590091843,"2017-01-05"
832,12869865,0.00991765569501,"2017-01-05"
833,12686132,0.0520538828655,"2017-01-05"
834,12032357,0.0139476030861,"2017-01-05"
835,11601473,0.053475964894,"2017-01-05"
836,12680411,0.052310772906,"2017-01-05"
837,11601821,-0.053483546584,"2017-01-05"
838,12673742,0.09769153590230001,"2017-01-05"
839,14659834,-0.00303571566189,"2017-01-05"
840,12671002,-0.063152232856,"2017-01-05"
841,11608469,0.08195672980810001,"2017-01-05"
842,10958020,0.0203142668465,"2017-01-05"
843,12664762,0.00934898518759,"2017-01-05"
844,14663359,0.0276676631218,"2017-01-05"
845,12662699,0.0141879943567,"2017-01-05"
846,17228833,0.03870667772380001,"2017-01-05"
847,14664422,0.00995706649317,"2017-01-05"
848,11597165,0.0658571813663,"2017-01-05"
849,17229129,0.0217821932643,"2017-01-05"
850,14654961,0.16506951715600002,"2017-01-05"
851,10967295,0.0647396000978,"2017-01-05"
852,17216772,0.0228003436827,"2017-01-05"
853,17262202,-0.0332324890428,"2017-01-05"
854,11997256,0.05665430485069999,"2017-01-05"
855,11676921,-0.0742789934041,"2017-01-05"
856,10971463,-0.0197702068217,"2017-01-05"
857,12701075,-0.0787367380832,"2017-01-05"
858,14627566,0.032038960755,"2017-01-05"
859,12700627,0.0468050496042,"2017-01-05"
860,10793441,0.0240371892715,"2017-01-05"
861,17261587,0.015218698149700002,"2017-01-05"
862,10969041,-0.028943480512900004,"2017-01-05"
863,12035219,-0.0922632807365,"2017-01-05"
864,14651682,0.0560706567935,"2017-01-05"
865,14652228,0.013576978723,"2017-01-05"
866,11671936,0.0900924263546,"2017-01-05"
867,11595387,0.0162566630434,"2017-01-05"
868,10954582,0.00658403019036,"2017-01-05"
869,11664808,-0.00474712470748,"2017-01-05"
870,12657352,0.0239812049328,"2017-01-05"
871,14675940,0.008668493627799999,"2017-01-05"
872,10927383,0.0543971161199,"2017-01-05"
873,10927535,-0.021115358613,"2017-01-05"
874,12590566,-0.024904122079,"2017-01-05"
875,11657029,0.00527594261606,"2017-01-05"
876,14681561,-0.016043310048,"2017-01-05"
877,11643627,0.046472827567,"2017-01-05"
878,14688702,-0.0011078059175599999,"2017-01-05"
879,12584740,0.00577218152915,"2017-01-05"
880,11644505,-0.060995762860000004,"2017-01-05"
881,12579658,-0.326917799967,"2017-01-05"
882,10780171,-0.059383020617,"2017-01-05"
883,11647399,0.0063549252485,"2017-01-05"
884,12017562,0.06755959163,"2017-01-05"
885,14687147,0.0675200603968,"2017-01-05"
886,12023386,-0.0065114514443700006,"2017-01-05"
887,12553708,-0.09321485096169999,"2017-01-05"
888,12611007,0.10000051536,"2017-01-05"
889,12612840,0.07977215454850001,"2017-01-05"
890,14665229,-0.036183745240300005,"2017-01-05"
891,12653289,-0.0807552790092,"2017-01-05"
892,10952984,0.034614500230099994,"2017-01-05"
893,12651793,0.0661295393985,"2017-01-05"
894,12651103,-0.16870393089699998,"2017-01-05"
895,10951236,-0.0393253312913,"2017-01-05"
896,12643405,0.010740490988300001,"2017-01-05"
897,11578867,-0.0569209217614,"2017-01-05"
898,11662937,0.015157779582400001,"2017-01-05"
899,14669878,-0.00178319599141,"2017-01-05"
900,11625145,0.0132051979156,"2017-01-05"
901,12617525,0.0543182066976,"2017-01-05"
902,12617337,0.0268640107847,"2017-01-05"
903,12552357,0.023391548950299997,"2017-01-05"
904,17249314,-0.0852489615841,"2017-01-05"
905,12552934,0.051824010716699995,"2017-01-05"
906,11623121,0.0636188228633,"2017-01-05"
907,11578746,-0.0590831003549,"2017-01-05"
908,10978637,0.010404232433200001,"2017-01-05"
909,12716175,0.018971720694900003,"2017-01-05"
910,12832751,0.04277714247719999,"2017-01-05"
911,10749408,0.0842053877314,"2017-01-05"
912,10764552,-0.016200444457,"2017-01-05"
913,11711024,0.0170235640857,"2017-01-05"
914,12485471,-0.0338659615565,"2017-01-05"
915,11983318,-0.0360987405035,"2017-01-05"
916,11709871,0.027600502292,"2017-01-05"
917,12061635,-0.021083749361700002,"2017-01-05"
918,12061460,-0.0187899787119,"2017-01-05"
919,17196910,-0.00214262587883,"2017-01-05"
920,12819999,0.0438218031838,"2017-01-05"
921,11983750,-0.237859452601,"2017-01-05"
922,12819136,0.04885961200180001,"2017-01-05"
923,10718991,0.0435561273608,"2017-01-05"
924,12814777,-0.0012763662964700002,"2017-01-05"
925,12835004,-0.0155712887383,"2017-01-05"
926,11517235,0.040334553351199995,"2017-01-05"
927,11515104,-0.127247372501,"2017-01-05"
928,11511695,0.09624798227060001,"2017-01-05"
929,11024385,-0.0023206380120999997,"2017-01-05"
930,12861609,-0.0167922485516,"2017-01-05"
931,11023352,0.0186337857972,"2017-01-05"
932,11502939,0.060382488524,"2017-01-05"
933,11978142,-0.0231265273132,"2017-01-05"
934,12074210,-0.0337594759555,"2017-01-05"
935,14603860,0.0808174686524,"2017-01-05"
936,11532400,1.03533536802,"2017-01-05"
937,12473718,0.0531930886383,"2017-01-05"
938,12854999,-0.0419834429257,"2017-01-05"
939,14608599,0.0109480355241,"2017-01-05"
940,12477465,0.053014075621300005,"2017-01-05"
941,14710129,-0.00218916869875,"2017-01-05"
942,14610729,0.0563870520445,"2017-01-05"
943,11508656,-0.21795516083,"2017-01-05"
944,14061116,0.113055566435,"2017-01-05"
945,12069604,-0.079220331388,"2017-01-05"
946,12074731,0.0114502386735,"2017-01-05"
947,12058496,0.015057669110399999,"2017-01-05"
948,11703505,-0.0277579111942,"2017-01-05"
949,11551880,-0.12140037198100001,"2017-01-05"
950,14632063,0.0036858027561399997,"2017-01-05"
951,11555650,-0.06353647459169999,"2017-01-05"
952,12508073,0.00622965317616,"2017-01-05"
953,12510814,0.0213792210441,"2017-01-05"
954,12758817,0.30053737008299997,"2017-01-05"
955,11560770,0.030007184388599995,"2017-01-05"
956,12755629,0.90980732424,"2017-01-05"
957,14638221,0.039429485569699996,"2017-01-05"
958,12524242,0.0100743314656,"2017-01-05"
959,12735430,-0.000877699734025,"2017-01-05"
960,14638747,-0.005524667487859999,"2017-01-05"
961,11572098,0.0344751724959,"2017-01-05"
962,11680763,0.0666954864475,"2017-01-05"
963,12040815,0.0862251012052,"2017-01-05"
964,12048189,-0.057327373236800004,"2017-01-05"
965,12776218,-0.0012779536702499999,"2017-01-05"
966,11549102,-0.052336170129699995,"2017-01-05"
967,11990151,0.058416079627300006,"2017-01-05"
968,10718880,0.0526252878607,"2017-01-05"
969,10801639,0.0155867491607,"2017-01-05"
970,17200628,0.0466202066079,"2017-01-05"
971,11002392,0.041680248536400004,"2017-01-05"
972,14624184,-0.013638728855099999,"2017-01-05"
973,17200736,-0.00491216016566,"2017-01-05"
974,14624970,0.0144122649866,"2017-01-05"
975,12056451,0.017148714829,"2017-01-05"
976,12796007,0.010688304729200002,"2017-01-05"
977,12789721,-0.144007481115,"2017-01-05"
978,11989543,0.113549601044,"2017-01-05"
979,17203898,0.00676036800736,"2017-01-05"
980,17203921,0.016839674372100003,"2017-01-05"
981,10799218,-0.059898946804800006,"2017-01-05"
982,12499826,-0.0013693784964999998,"2017-01-05"
983,14626819,0.019525549464599997,"2017-01-05"
984,12795639,0.0115844360966,"2017-01-05"
985,10843721,0.027089520889999996,"2017-01-05"
986,14215602,0.0194035471137,"2017-01-05"
987,14345725,0.107296981384,"2017-01-05"
988,12191463,0.626630055156,"2017-01-05"
989,14295140,0.261734472938,"2017-01-05"
990,11818564,-0.0152722553583,"2017-01-05"
991,14297397,0.09261579364319998,"2017-01-05"
992,11930319,-0.035865440255699994,"2017-01-05"
993,11041026,0.231076876319,"2017-01-05"
994,12319615,0.018413767212499998,"2017-01-05"
995,11283813,-0.035652329089099995,"2017-01-05"
996,11136059,0.00302978098537,"2017-01-05"
997,12314178,0.00293289615276,"2017-01-05"
998,13949910,-0.012428337473,"2017-01-05"
999,11215536,-0.014510364942100002,"2017-01-05"
